ID,name,country,voltage,latitude,longitude
n1,P-1,POR,380,42.09467426,-8.113981533
n2,P-2,POR,380,41.58743545,-8.326461749
n3,P-3,POR,380,41.5859944,-6.722728442
n4,P-4,POR,380,41.59768398,-6.342848059
n5,P-5,POR,380,41.37395652,-7.350948826
n6,P-6,POR,380,41.22737614,-8.314877824
n7,P-7,POR,380,41.24259803,-7.803650232
n8,P-9,POR,380,41.29585091,-7.057333158
n9,P-10,POR,380,40.81634201,-7.367185138
n10,P-11,POR,380,40.71323805,-8.336831533
n11,P-12,POR,380,40.71063988,-7.67756011
n12,P-13,POR,380,40.50013825,-8.486498548
n13,P-14,POR,380,40.55687436,-7.788502738
n14,P-15,POR,380,40.43908826,-8.204163217
n15,P-16,POR,380,40.21871288,-8.440286638
n16,P-17,POR,380,39.96486689,-8.61427616
n17,P-18,POR,380,39.70479921,-8.746865387
n18,P-19,POR,380,39.64880673,-7.616423564
n19,P-20,POR,380,39.5180876,-8.168187141
n20,P-21,POR,380,39.37406378,-8.911036805
n21,P-22,POR,380,38.89094836,-9.021957742
n22,P-23,POR,380,38.65512914,-9.223750278
n23,P-24,POR,380,38.54512166,-8.711927624
n24,P-26,POR,380,37.94295741,-8.62022265
n25,E-1,ESP,380,43.79445975,-7.42576719
n26,E-2,ESP,380,43.80330598,-5.797809107
n27,E-3,ESP,380,43.52951298,-7.842231103
n28,E-4,ESP,380,43.78617617,-5.558067844
n29,E-5,ESP,380,43.30464123,-8.378618917
n30,E-6,ESP,380,43.64376429,-5.416770695
n31,E-7,ESP,380,43.57031892,-5.688532742
n32,E-8,ESP,380,43.53847484,-5.375314348
n33,E-9,ESP,380,43.4882269,-6.074487682
n34,E-10,ESP,380,43.22966288,-7.937787448
n35,E-11,ESP,380,43.53416909,-3.972890111
n36,E-12,ESP,380,42.93609207,-9.243607893
n37,E-13,ESP,380,43.46361273,-2.793591549
n38,E-14,ESP,380,43.45757553,-3.710526276
n39,E-E_Arka,ESP,380,43.35661174,-1.917811812
n40,E-16,ESP,380,42.95309663,-8.581366927
n41,E-17,ESP,380,43.33283873,-2.909164381
n42,E-18,ESP,380,43.34609236,-3.887708497
n43,E-19,ESP,380,43.30918717,-2.402146014
n44,E-20,ESP,380,42.83508795,-8.943517955
n45,E-21,ESP,380,43.28832746,-3.222673436
n46,E-22,ESP,380,42.93409108,-8.155732949
n47,E-23,ESP,380,43.14945833,-6.42431558
n48,E-24,ESP,380,43.2093439,-2.594389948
n49,E-25,ESP,380,43.13452673,-2.358721399
n50,E-26,ESP,380,43.08125029,-6.244138316
n51,E-27,ESP,380,43.1104137,-5.651039882
n52,E-28,ESP,380,43.12402366,-5.016925843
n53,E-29,ESP,380,43.02118132,-6.507181917
n54,E-30,ESP,380,43.09597187,-4.746083172
n55,E-31,ESP,380,42.67334075,-8.690756024
n56,E-32,ESP,380,43.05760316,-4.798097145
n57,E-33,ESP,380,43.04060633,-4.085414111
n58,E-34,ESP,380,42.98082703,-2.508541389
n59,E-35,ESP,380,42.96206021,-2.771057899
n60,E-36,ESP,380,42.95623458,-3.712437325
n61,E-37,ESP,380,42.7445052,-7.647906306
n62,E-38,ESP,380,42.88051701,-2.815716398
n63,E-39,ESP,380,42.79456887,-6.637437503
n64,E-40,ESP,380,42.86690824,-3.298003065
n65,E-41,ESP,380,42.75690528,-1.652596239
n66,E-42,ESP,380,42.62412564,0.611161449
n67,E-43,ESP,380,42.78448841,-3.033381569
n68,E-44,ESP,380,42.66754728,-6.735856946
n69,E-45,ESP,380,42.69576564,-6.369301511
n70,E-46,ESP,380,42.75582716,-4.358196856
n71,E-47,ESP,380,42.53904915,-7.630502324
n72,E-48,ESP,380,42.49313895,1.08306992
n73,E-49,ESP,380,42.68003304,-5.664082079
n74,E-50,ESP,380,42.37023393,-8.545507758
n75,E_Biesca,ESP,380,42.54969511,-0.542017691
n76,E-52,ESP,380,42.57060752,-6.972232763
n77,E-53,ESP,380,42.55990863,-1.409979168
n78,E-54,ESP,380,42.43560622,0.847599794
n79,E-55,ESP,380,42.41084392,-8.060048582
n80,E-56,ESP,380,42.49983677,-7.218045476
n81,E-57,ESP,380,42.44246661,0.277100909
n82,E-58,ESP,380,42.50189009,-1.608771874
n83,E-59,ESP,380,42.33158578,1.010925224
n84,E-60,ESP,380,42.37135871,-0.059009062
n85,E-61,ESP,380,42.49561062,-2.576586378
n86,E-62,ESP,380,42.29348571,0.542596345
n87,E-63,ESP,380,42.35488753,-6.892363177
n88,E-64,ESP,380,42.4092857,-3.871905216
n89,E-65,ESP,380,42.32117951,-2.278814415
n90,E-66,ESP,380,42.20441446,-0.007784713
n91,E-67,ESP,380,42.17269646,-7.314190873
n92,E-68,ESP,380,42.2247346,-6.620936389
n93,E-69,ESP,380,42.06705684,0.710787797
n94,E-70,ESP,380,42.16916938,-2.085577542
n95,E-71,ESP,380,42.22261583,-4.77878292
n96,E-72,ESP,380,41.95909715,1.643700972
n97,E-73,ESP,380,42.0854379,-2.095110959
n98,E-74,ESP,380,42.08202499,-6.363647472
n99,E-75,ESP,380,42.12172641,-4.741037102
n100,E-76,ESP,380,41.7798411,2.673040634
n101,E_Vic,ESP,380,41.77427696,2.002419787
n102,E-78,ESP,380,41.89006192,-2.468489587
n103,E-79,ESP,380,41.75339027,-0.072561862
n104,E-80,ESP,380,41.81768564,-1.786987441
n105,E-81,ESP,380,41.87831353,-5.132508494
n106,E-82,ESP,380,41.60296026,1.957514161
n107,E-83,ESP,380,41.69293347,-1.116877887
n108,E-84,ESP,380,41.69369163,-1.5237657
n109,E-85,ESP,380,41.77221186,-4.890623022
n110,E-86,ESP,380,41.69512134,-2.178488959
n111,E-87,ESP,380,41.46447769,2.196264514
n112,E-88,ESP,380,41.68063091,-5.248547069
n113,E-89,ESP,380,41.6686222,-5.796137025
n114,E-90,ESP,380,41.63102741,-6.127647153
n115,E-91,ESP,380,41.39080905,1.784211559
n116,E-92,ESP,380,41.62596018,-5.328923829
n117,E-93,ESP,380,41.41937181,0.263265082
n118,E-94,ESP,380,41.35816432,1.380519384
n119,E-95,ESP,380,41.4705483,-1.218434707
n120,E-96,ESP,380,41.46747473,-1.785272857
n121,E-97,ESP,380,41.41187131,-1.02808993
n122,E-98,ESP,380,41.22161313,1.541620176
n123,E-99,ESP,380,41.3711028,-2.821722528
n124,E-100,ESP,380,41.21247786,0.876131108
n125,E-101,ESP,380,41.40254696,-5.40964035
n126,E-102,ESP,380,41.1506265,1.733831434
n127,E-103,ESP,380,41.32631263,-6.632569023
n128,E-104,ESP,380,41.17790983,-0.1194393
n129,E-105,ESP,380,41.11820457,1.34959018
n130,E-106,ESP,380,41.08676254,1.557572759
n131,E-107,ESP,380,41.1655199,-0.818855002
n132,E-108,ESP,380,41.04198647,1.041082038
n133,E-109,ESP,380,41.17016588,-6.753284761
n134,E-110,ESP,380,40.96833709,0.948891901
n135,E-111,ESP,380,41.14629386,-5.84900442
n136,E-112,ESP,380,41.01490215,-0.682099357
n137,E-113,ESP,380,40.94591187,0.824337332
n138,E-114,ESP,380,40.9394374,0.147792637
n139,E-115,ESP,380,40.9035371,0.725268052
n140,E-116,ESP,380,40.9688034,-4.752329032
n141,E-117,ESP,380,40.77642914,0.395505173
n142,E-118,ESP,380,40.91784009,-4.689908747
n143,E-119,ESP,380,40.69192127,-1.304772363
n144,E-120,ESP,380,40.68349827,-2.869587318
n145,E-121,ESP,380,40.63624433,-4.059006607
n146,E-122,ESP,380,40.61794816,-3.845419176
n147,E-123,ESP,380,40.60127497,-4.388428687
n148,E-124,ESP,380,40.58222048,-3.577301268
n149,E-125,ESP,380,40.50826343,-4.105834925
n150,E-126,ESP,380,40.38817747,-0.352802833
n151,E-127,ESP,380,40.35988532,-3.945179532
n152,E-128,ESP,380,40.29753654,-3.334360774
n153,E-129,ESP,380,40.25787417,-6.391683185
n154,E-130,ESP,380,40.24512899,-3.779198021
n155,E-131,ESP,380,40.05507183,-5.267021368
n156,E-132,ESP,380,40.00381727,-3.916642558
n157,E-133,ESP,380,39.99048725,-6.056909663
n158,E-134,ESP,380,39.92194954,-3.265409756
n159,E-135,ESP,380,39.84886314,-0.707938978
n160,E-136,ESP,380,39.90639375,-4.203685589
n161,E-137,ESP,380,39.83474653,-6.362792145
n162,E-138,ESP,380,39.8480491,-5.53477461
n163,E-139,ESP,380,39.77665564,-7.004178092
n164,E-140,ESP,380,39.78661576,-6.142638912
n165,E-141,ESP,380,39.65910998,-7.505052771
n166,E-142,ESP,380,39.72185993,-6.073785457
n167,E-143,ESP,380,39.60612789,-4.264384486
n168,E-144,ESP,380,39.48804656,-2.591081701
n169,E-145,ESP,380,39.4457492,-6.735430079
n170,E-146,ESP,380,39.42913466,-0.89515326
n171,E-147,ESP,380,39.47526658,-4.045095185
n172,E-148,ESP,380,39.3568046,-1.175548954
n173,E-149,ESP,380,39.27957044,-4.276543444
n174,E-150,ESP,380,39.19522469,-5.698230472
n175,E-151,ESP,380,39.05710454,-1.189831302
n176,E-152,ESP,380,39.01854021,-1.901905324
n177,E-153,ESP,380,38.96132835,-1.123925448
n178,E-154,ESP,380,38.93639241,-6.693355814
n179,E-155,ESP,380,38.93548274,-3.797530889
n180,E-156,ESP,380,38.84601252,-2.629054908
n181,E-157,ESP,380,38.83595135,-4.530220947
n182,E-158,ESP,380,38.82832999,-4.334742976
n183,E-159,ESP,380,38.5320608,-1.382916591
n184,E-160,ESP,380,38.52523425,-4.717639411
n185,E-161,ESP,380,38.46107827,-2.188038661
n186,E-162,ESP,380,38.34797045,-1.449628789
n187,E-163,ESP,380,38.33143653,-4.959793416
n188,E-164,ESP,380,38.24172172,-6.74735463
n189,E-165,ESP,380,38.30683216,-1.166712052
n190,E-166,ESP,380,38.2031938,-7.06773091
n191,E-167,ESP,380,38.14055584,-5.074827625
n192,E-168,ESP,380,38.11341718,-1.646409088
n193,E-169,ESP,380,37.9784064,-4.826891622
n194,E-170,ESP,380,37.96094723,-4.612806359
n195,E-171,ESP,380,37.80241556,-5.250551236
n196,E-172,ESP,380,37.79431945,-1.807980074
n197,E-173,ESP,380,37.77909306,-1.41091218
n198,E-174,ESP,380,37.65312746,-1.528984782
n199,E-175,ESP,380,37.50880843,-6.34779861
n200,E-176,ESP,380,37.50159709,-1.555976596
n201,E-177,ESP,380,37.43928291,-1.449834243
n202,E-178,ESP,380,37.24379903,-7.004436326
n203,E-179,ESP,380,37.15862696,-6.09321047
n204,E-180,ESP,380,37.11912018,-4.244033584
n205,E-181,ESP,380,37.10652085,-4.445756393
n206,E-182,ESP,380,36.9442691,-4.136911779
n207,E-183,ESP,380,36.89008786,-2.346729237
n208,E-184,ESP,380,36.74988906,-4.95120819
n209,E-185,ESP,380,36.74940237,-3.25544177
n210,E-186,ESP,380,36.65763931,-4.721438147
n211,E-187,ESP,380,36.68777953,-3.918561395
n212,E-188,ESP,380,36.48979335,-6.164016047
n213,E-189,ESP,380,36.49496952,-4.981742918
n214,E-190/19,ESP,380,36.38761037,-6.153299588
n215,E-192,ESP,380,36.16461738,-5.440333059
n216,E-193,ESP,380,35.9263894,-5.534763233
n217,F-1,FRA,380,51.00125406,2.758008583
n218,F-2,FRA,380,50.95726214,2.356418561
n219,F-3,FRA,380,50.9047809,1.954432268
n220,F-4,FRA,380,50.77237551,2.852909311
n221,F-5,FRA,380,50.71800664,2.689578308
n222,F-6Aveli,FRA,380,50.64958903,3.19269936
n223,F-7,FRA,380,50.56346932,1.959242557
n224,F-8,FRA,380,50.47953826,3.436680189
n225,F-9,FRA,380,50.46910715,2.992268786
n226,F-10,FRA,380,50.38494241,3.948777357
n227,F-11,FRA,380,50.31568321,2.805573996
n228,F-12choo,FRA,380,50.24947974,4.782410401
n229,F-13,FRA,380,50.16674026,1.793008777
n230,F-14,FRA,380,50.13155512,4.05048673
n231,F-15,FRA,380,50.10917971,1.574524218
n232,F-16,FRA,380,50.13268495,2.43998708
n233,F-17lonn,FRA,380,49.97249275,4.486712275
n234,F-18,FRA,380,49.92630371,4.798052886
n235,F-19,FRA,380,49.93740371,1.053189524
n236,F-20,FRA,380,49.94598004,2.037894171
n237,F-21,FRA,380,49.86728033,3.477620753
n238,F-22,FRA,380,49.84679587,1.347042927
n239,F-23,FRA,380,49.86704598,3.067044377
n240,F-24,FRA,380,49.6609928,5.158551263
n241,F_Moulai,FRA,380,49.54787968,5.764346676
n242,F-26,FRA,380,49.67425235,0.595552291
n243,F-27,FRA,380,49.65678142,4.427028703
n244,F-28,FRA,380,49.50685488,6.155071546
n245,F-29,FRA,380,49.6953325,1.176611997
n246,F-30,FRA,380,49.67512867,0.890808506
n247,F-31,FRA,380,49.70663005,2.656061235
n248,F-32,FRA,380,49.62559953,0.563556918
n249,F-33,FRA,380,49.63778124,2.989595001
n250,F-34,FRA,380,49.37369574,-1.114609541
n251,F-35,FRA,380,49.57602653,2.847660151
n252,F-36,FRA,380,49.54178994,3.43169073
n253,F-37,FRA,380,49.53728549,1.52676188
n254,F-38,FRA,380,49.30182606,5.941701779
n255,F_Vigy,FRA,380,49.27511482,6.192689328
n256,F-40,FRA,380,49.49670263,2.799423806
n257,F-41,FRA,380,49.20909783,6.599918892
n258,F-42,FRA,380,49.48632834,1.107325686
n259,F-43,FRA,380,49.42878444,3.98981789
n260,F-44,FRA,380,49.48317328,2.124812066
n261,F-45,FRA,380,49.46828486,1.216244591
n262,F-46/47,FRA,380,49.38265563,4.252078786
n263,F-48,FRA,380,49.12100262,6.926697125
n264,F-49,FRA,380,49.44466924,2.427599466
n265,F-50,FRA,380,49.38820839,0.583985465
n266,F-51,FRA,380,49.18674524,-0.76130241
n267,F-52,FRA,380,49.22725989,3.871960268
n268,F-53,FRA,380,49.29659803,1.627437787
n269,F-54,FRA,380,49.21698964,0.135063544
n270,F-55,FRA,380,49.15367993,4.301529575
n271,F-56,FRA,380,49.20055228,3.521334126
n272,F-57,FRA,380,49.23746408,2.610226091
n273,F-58,FRA,380,48.79656848,7.700542598
n274,F-59,FRA,380,49.23052486,2.274556549
n275,F-60,FRA,380,49.20969381,1.815503519
n276,F-61,FRA,380,49.20169549,1.144907527
n277,F-62,FRA,380,49.19392537,1.315761663
n278,F-63,FRA,380,48.90461625,6.042443213
n279,F-64,FRA,380,49.11784352,3.305910079
n280,F-65,FRA,380,49.14394317,2.264347539
n281,F-66,FRA,380,48.773379,6.982225347
n282,F-67,FRA,380,49.11606179,1.978992822
n283,F-68,FRA,380,48.93400721,4.954733133
n284,F-69,FRA,380,48.94247827,4.453749824
n285,F-70,FRA,380,48.98056349,3.255580607
n286,F-71,FRA,380,48.5933681,7.415578706
n287,F-72,FRA,380,48.71263702,6.208786617
n288,F-73,FRA,380,48.51398555,-3.008536638
n289,F-74,FRA,380,48.95860076,2.824940211
n290,F-75,FRA,380,48.84299299,4.536430687
n291,F-76,FRA,380,48.95300778,1.907452521
n292,F-77,FRA,380,48.93769487,2.178859502
n293,F-78,FRA,380,48.93695688,2.18113333
n294,F-79,FRA,380,48.93808464,0.932928875
n295,F-80,FRA,380,48.88162193,-0.155677979
n296,F-81,FRA,380,48.84416987,2.420441206
n297,F-82,FRA,380,48.86389832,1.674012859
n298,F-83,FRA,380,48.54652672,6.043763024
n299,F-84,FRA,380,48.28764919,-3.49448211
n300,F-85,FRA,380,48.63824731,-1.689140804
n301,F-86,FRA,380,48.3992231,6.828711787
n302,F-87,FRA,380,48.66445558,3.92446288
n303,F-88,FRA,380,48.54813015,-1.98560367
n304,F-89,FRA,380,48.67685004,3.63567415
n305,F-90,FRA,380,48.67760838,-0.847749624
n306,F-91,FRA,380,48.0491582,-4.17296117
n307,F-92,FRA,380,48.15731153,-3.779271603
n308,F-93,FRA,380,48.36959419,6.246880888
n309,F-94,FRA,380,48.40232366,-2.431470338
n310,F-95,FRA,380,48.16320263,-3.499699925
n311,F-96,FRA,380,48.50779779,4.177123638
n312,F-97,FRA,380,48.19563575,6.970375373
n313,F-98,FRA,380,48.54933352,3.040320275
n314,F-99,FRA,380,48.60369414,1.772213294
n315,F-100,FRA,380,48.12897889,7.489556349
n316,F-101,FRA,380,48.2224483,6.36605272
n317,F-102,FRA,380,48.43583878,3.977193446
n318,F-103,FRA,380,48.54830685,0.437145881
n319,F-104,FRA,380,48.22749971,5.920839126
n320,F-105,FRA,380,48.47666821,2.879703847
n321,F-106,FRA,380,48.53194469,0.736672993
n322,F-107,FRA,380,48.04929044,7.234884668
n323,F-108,FRA,380,48.0831711,6.636928577
n324,F-109,FRA,380,48.41150693,1.812517889
n325,F-110,FRA,380,48.19598628,4.90528675
n326,F-111,FRA,380,48.29205955,3.505125668
n327,F_113,FRA,380,47.88014356,7.453068646
n328,F-113,FRA,380,48.26741609,-1.194357136
n329,F-114,FRA,380,48.269637,2.636676443
n330,F-115,FRA,380,47.8832631,-3.695452656
n331,F-116,FRA,380,48.32339736,0.776167723
n332,F-117,FRA,380,48.28555717,-0.452719773
n333,F-118,FRA,380,48.26671035,2.17319032
n334,F-119,FRA,380,48.00054476,5.383691759
n335,F-120,FRA,380,48.20412843,2.934532986
n336,F-121,FRA,380,47.79592191,7.121341479
n337,F-122,FRA,380,48.19429096,1.022320458
n338,F-123,FRA,380,48.05848384,-1.944808473
n339,F-124,FRA,380,47.9571492,4.557581673
n340,F-125,FRA,380,48.02221029,3.804482926
n341,F-126,FRA,380,47.81359615,-3.471674566
n342,F-127,FRA,380,47.98059228,4.059349956
n343,F-128,FRA,380,48.14151835,0.585046643
n344,F_Sieren,FRA,380,47.6290317,7.354458926
n345,F-130,FRA,380,47.86275087,-2.903955091
n346,F-131,FRA,380,47.69972294,6.181795701
n347,F-132,FRA,380,48.01714509,2.120976003
n348,F-133,FRA,380,47.94954334,2.757744422
n349,F-134,FRA,380,47.78491704,4.137999004
n350,F-135,FRA,380,47.51447863,6.773313467
n351,F-136,FRA,380,47.91288204,-1.076777651
n352,F-137,FRA,380,47.88793315,1.916104561
n353,F-138,FRA,380,47.79746925,-2.26426477
n354,F-139,FRA,380,47.87441674,1.593184785
n355,F-140,FRA,380,47.84741786,1.260071817
n356,F_Mambel,FRA,380,47.38171108,6.620212586
n357,F-142,FRA,380,47.68035775,3.078113406
n358,F-143,FRA,380,47.60165733,3.981055803
n359,F-144,FRA,380,47.77905122,0.992721088
n360,F-145,FRA,380,47.4456508,5.101202673
n361,F-146,FRA,380,47.75890936,-0.161629252
n362,F-147,FRA,380,47.65225158,-1.71757966
n363,F-148,FRA,380,47.28822526,6.07151625
n364,F-149,FRA,380,47.39554147,4.721742213
n365,F-150,FRA,380,47.31988732,5.058562137
n366,F-151,FRA,380,47.60910994,1.06527881
n367,F-152,FRA,380,47.42272859,3.747293523
n368,F-153,FRA,380,47.55532988,-1.836641659
n369,F-154/15,FRA,380,47.54583518,-1.498777886
n370,F-157,FRA,380,47.53247268,0.497681759
n371,F-158,FRA,380,47.1486355,5.545949814
n372,F-159,FRA,380,47.46963895,0.168252242
n373,F-160,FRA,380,47.39495495,-1.278463597
n374,F-161,FRA,380,47.3271312,1.89817372
n375,F-162,FRA,380,47.3492164,-0.902432943
n376,F-163,FRA,380,46.9052682,6.348982517
n377,F-164,FRA,380,47.33398989,-0.578074913
n378,F-165,FRA,380,47.19831908,2.580386153
n379,F-166,FRA,380,47.04986651,3.488070359
n380,F-167,FRA,380,46.92173214,4.597584211
n381,F-168,FRA,380,46.75620501,6.000499575
n382,F-169,FRA,380,46.75094334,5.047475212
n383,F-170,FRA,380,47.05844342,0.910128479
n384,F-171,FRA,380,46.67173667,5.663456109
n385,F-172,FRA,380,47.05316861,-0.972406338
n386,F-173,FRA,380,46.93269225,2.003111767
n387,F-174,FRA,380,46.7022173,4.588458244
n388,F-175,FRA,380,46.99681725,0.204649821
n389,F-176,FRA,380,46.59437097,4.830976266
n390,F-177,FRA,380,46.6217102,4.216018136
n391,F-178,FRA,380,46.87588166,-1.106366922
n392,F-179,FRA,380,46.61699562,3.494935257
n393,F-180,FRA,380,46.80543658,0.722073734
n394,F-181,FRA,380,46.35630409,5.690120556
n395,F-182,FRA,380,46.25947638,6.53946261
n396,F-183,FRA,380,46.59574305,1.901005655
n397,F_BoisTo,FRA,380,46.17503311,6.002994915
n398,F-185,FRA,380,46.56356838,1.021124308
n399,F-186,FRA,380,46.43042655,2.734498005
n400,F-187,FRA,380,46.24679822,4.832019037
n401,F-188,FRA,380,46.40657296,2.962689179
n402,F-189,FRA,380,46.18150609,5.484527534
n403,F-190/19,FRA,380,46.56547707,-0.123829656
n404,F_Cornie,FRA,380,46.05115306,6.376546718
n405,F-193,FRA,380,46.31191503,3.385506594
n406,F-194,FRA,380,46.01369412,6.619216323
n407,F-195,FRA,380,45.99622976,5.860458651
n408,F-196,FRA,380,46.42134484,-0.233819694
n409,F-197,FRA,380,46.41040982,-0.782164625
n410,F-198,FRA,380,45.8060093,6.811818336
n411,F-199,FRA,380,45.99883432,4.247877936
n412,F-200,FRA,380,46.00852114,4.076098674
n413,F-201,FRA,380,46.18506409,1.902867484
n414,F-202,FRA,380,45.82457456,6.149222802
n415,F-203,FRA,380,46.16238042,2.145671839
n416,F-204,FRA,380,45.93430642,4.789047111
n417,F-205,FRA,380,46.10422708,1.589823324
n418,F-206,FRA,380,45.78328119,5.374224474
n419,F-207,FRA,380,46.19548467,-0.552999287
n420,F-208,FRA,380,45.97817405,2.427085706
n421,F-209,FRA,380,46.07078627,1.142468644
n422,F-210,FRA,380,45.70649198,5.376025548
n423,F-211,FRA,380,45.56863417,6.469728421
n424,F-212,FRA,380,45.50599461,6.869973151
n425,F-213,FRA,380,45.80226083,3.08065353
n426,F-214,FRA,380,45.83151434,2.076683704
n427,F-215,FRA,380,45.56884487,5.054066572
n428,F-216,FRA,380,45.48862988,5.668247022
n429,F-217,FRA,380,45.37107858,6.989859888
n430,F-218,FRA,380,45.37336795,6.649844559
n431,F-219,FRA,380,45.3574925,6.566188647
n432,F-220,FRA,380,45.61358185,3.318166338
n433,F-221/22,FRA,380,45.82251455,0.379754052
n434,F-223,FRA,380,45.35366322,6.116881818
n435,F-224,FRA,380,45.82269559,-0.305051602
n436,F-225,FRA,380,45.23638963,5.615079598
n437,F-226,FRA,380,45.2800166,4.789683703
n438,F-227,FRA,380,45.46917316,2.453774408
n439,F-228,FRA,380,45.14375187,6.433490626
n440,F-229,FRA,380,45.29747424,4.492396818
n441,F-230,FRA,380,45.12785905,5.969781044
n442,F-231,FRA,380,45.20820787,4.928760671
n443,F-232,FRA,380,45.02969077,6.822274441
n444,F-233,FRA,380,45.00696049,6.116127568
n445,F-234,FRA,380,45.30352789,2.290583479
n446,F-235,FRA,380,45.12827027,4.250610815
n447,F-236,FRA,380,44.99494082,5.740999157
n448,F-237,FRA,380,45.30861591,1.594895593
n449,F-238,FRA,380,45.40285394,-0.318743517
n450,F-239,FRA,380,45.12431365,3.093499458
n451,F-240,FRA,380,45.3630111,-0.563444401
n452,F-241,FRA,380,44.84577546,6.115011933
n453,F-242,FRA,380,45.30189629,0.01085141
n454,F-243,FRA,380,44.82468116,5.660272572
n455,F-244,FRA,380,44.9677444,3.737530504
n456,F-245,FRA,380,45.16634772,0.953230811
n457,F-246,FRA,380,45.02951634,2.283865771
n458,F-247,FRA,380,45.18366805,-0.164857427
n459,F-248,FRA,380,44.94183649,3.145191938
n460,F-249,FRA,380,44.79205811,4.942085991
n461,F-250,FRA,380,44.74141415,4.990540373
n462,F-251,FRA,380,44.66212914,5.948235312
n463,F-252,FRA,380,44.97233129,1.55574789
n464,F-253,FRA,380,44.96177696,0.860817108
n465,F-254,FRA,380,44.76399078,3.346201853
n466,F-255,FRA,380,44.78905016,2.767101755
n467,F-256,FRA,380,44.51722387,4.931767909
n468,F-257,FRA,380,44.5644827,4.255309055
n469,F-258,FRA,380,44.39377167,6.162775037
n470,F-259,FRA,380,44.44822168,4.843313518
n471,F-260,FRA,380,44.59695614,2.613751033
n472,F-261,FRA,380,44.52400691,2.296099333
n473,F-262,FRA,380,44.72345161,-0.696032054
n474,F-263,FRA,380,44.68254863,-0.410469872
n475,F-264,FRA,380,44.31639212,4.270219859
n476,F-265,FRA,380,44.53351254,0.982584645
n477,F-266,FRA,380,44.56863375,0.359047219
n478,F-267,FRA,380,44.21831389,4.76608624
n479,F-268,FRA,380,44.346977,2.640331158
n480,F-269,FRA,380,44.07171738,6.002888109
n481,F-270,FRA,380,43.98312194,6.132862705
n482,F-271,FRA,380,43.89489074,6.125464145
n483,F-272,FRA,380,44.00728756,4.207584192
n484,F-273,FRA,380,44.21390221,0.758842726
n485,F-274,FRA,380,43.88980426,5.120072933
n486,F-275,FRA,380,43.8635216,4.672072221
n487,F-276,FRA,380,43.73053821,5.997163393
n488,F-277,FRA,380,43.91639693,2.833629409
n489,F-278,FRA,380,43.83103813,3.772250993
n490,F-279,FRA,380,44.00512009,0.965316565
n491,F-280,FRA,380,43.59861157,7.100424544
n492,F-281,FRA,380,43.90983314,2.135790445
n493,F-282,FRA,380,43.64396148,5.81346969
n494,F-283,FRA,380,43.69728834,4.903587299
n495,F_canteg,FRA,380,44.07034725,-0.828463952
n496,F-285,FRA,380,43.67114217,4.342950484
n497,F-286,FRA,380,43.55422131,6.213716423
n498,F-287,FRA,380,43.49368865,5.872098166
n499,F-288,FRA,380,43.50922395,5.449545375
n500,F-289,FRA,380,43.86715512,-0.390302545
n501,F-290,FRA,380,43.55607154,4.064082238
n502,F-291,FRA,380,43.45538284,5.157673937
n503,F-292,FRA,380,43.68598246,1.330754449
n504,F-293,FRA,380,43.34801035,6.420701688
n505,F-294,FRA,380,43.50072433,3.696200033
n506,F-295,FRA,380,43.49963114,3.428301801
n507,F-296,FRA,380,43.455327,2.899468582
n508,F-297,FRA,380,43.31520586,4.941513932
n509,F-298,FRA,380,43.53071947,1.45899823
n510,F-299,FRA,380,43.28061585,5.380580729
n511,F-300,FRA,380,43.45034541,1.650597885
n512,F-301,FRA,380,43.40946924,2.266277325
n513,F-302,FRA,380,43.49843619,0.649181156
n514,F-303,FRA,380,43.19899779,5.360876723
n515,F_Mougue,FRA,380,43.60679301,-1.346763112
n516,F-305,FRA,380,43.16996289,5.131196774
n517,F-306,FRA,380,43.10632811,6.062157951
n518,F-307,FRA,380,43.39800923,1.247315872
n519,F-308,FRA,380,43.23337878,3.145067006
n520,F-309,FRA,380,43.22754206,1.879765279
n521,F-310,FRA,380,42.97923742,5.982678325
n522,F-311,FRA,380,43.36457943,-0.589239121
n523,F-312,FRA,380,43.12695723,2.584655351
n524,F-313,FRA,380,43.10999287,2.309363084
n525,F-314,FRA,380,43.0617352,2.899176686
n526,F-315,FRA,380,43.09852136,0.016602388
n527,F-316,FRA,380,43.00587149,1.509744216
n528,F-317,FRA,380,43.0545168,0.488593264
n529,F-318,FRA,380,42.9085922,-0.498804479
n530,F-319,FRA,380,42.72374264,1.380899532
n531,F_pragne,FRA,380,42.76913961,-0.256820524
n532,F_Baixas,FRA,380,42.5185937,2.610916858
n533,F-322,FRA,380,42.4952105,1.602606146
n534,B_Zandvl,BEL,380,51.47394018,4.369975075
n535,B-2,BEL,380,51.29251009,4.204912943
n536,B-3,BEL,380,51.261971,3.567193678
n537,B-4,BEL,380,51.2538629,4.537652484
n538,B-5,BEL,380,51.21995005,5.045692482
n539,B-6,BEL,380,51.19584931,3.766978288
n540,B-7,BEL,380,51.07992652,5.243366571
n541,B-8,BEL,380,51.0603315,4.440659573
n542,B-9,BEL,380,51.00047463,3.283618417
n543,B-10,BEL,380,51.00270056,4.237073111
n544,B-11,BEL,380,50.8602233,5.621141033
n545,B-12Avel,BEL,380,50.87070844,3.505837219
n546,B-13,BEL,380,50.6965788,4.28726683
n547,B_15,BEL,380,50.62207753,5.151092478
n548,B-15,BEL,380,50.58834403,5.399791655
n549,B-16,BEL,380,50.61855923,4.79197224
n550,B-17,BEL,380,50.59700726,4.606077442
n551,B-18,BEL,380,50.51103404,5.756379683
n552,B_Achene,BEL,380,50.40851541,4.953623296
n553,B-20,BEL,380,50.18539507,5.564385004
n554,B_Aubang,BEL,380,49.76336361,5.643438932
n555,B_Moncea,BEL,380,50.43408441,4.708226632
n556,B_meerho,BEL,380,51.33788759,5.306376933
n557,CH-1,CHE,380,47.46395545,9.101890605
n558,CH-2,CHE,380,47.44805003,8.164207723
n559,CH_laufe,CHE,380,47.44627104,7.980873275
n560,CH-4,CHE,380,47.36625694,8.646977115
n561,CH_aspha,CHE,380,47.44907516,7.720682282
n562,CH-6,CHE,380,47.31690223,8.43732375
n563,CH-7,CHE,380,47.36030668,7.85221698
n564,CH-8,CHE,380,47.19476866,9.45798931
n565,CH-9,CHE,380,47.36580154,7.559349834
n566,CH_Basse,CHE,380,47.33614626,7.192943987
n567,CH-11,CHE,380,47.1327817,9.094344422
n568,CH-12,CHE,380,47.23874763,7.828583829
n569,CH-13,CHE,380,47.23226795,7.604786047
n570,CH-14,CHE,380,47.13846038,8.06012869
n571,CH-15,CHE,380,47.0725689,8.730722653
n572,CH-16,CHE,380,47.07613694,8.350436093
n573,CH-17,CHE,380,47.03880422,7.684710614
n574,CH_Prade,CHE,380,46.70666596,10.4672817
n575,CH-19,CHE,380,46.96020054,7.262920411
n576,CH-20,CHE,380,46.78103126,8.966187427
n577,CH-21,CHE,380,46.72240044,9.336193317
n578,CH-22,CHE,380,46.67285271,8.73108128
n579,CH-23,CHE,380,46.64989185,8.968907043
n580,CH-24,CHE,380,46.5181753,10.17378677
n581,CH-25,CHE,380,46.53311563,9.653979012
n582,CH-26,CHE,380,46.59864443,8.218215314
n583,CH-27,CHE,380,46.51946805,8.755017171
n584,CH-28,CHE,380,46.60854681,7.586393793
n585,CH-29,CHE,380,46.37254269,8.980815897
n586,CH-30,CHE,380,46.50760837,7.128499895
n587,CH-31,CHE,380,46.3691567,8.608078591
n588,CH-32,CHE,380,46.23777416,10.10843287
n589,CH-33,CHE,380,46.55788086,6.379158767
n590,CH-34,CHE,380,46.45142807,7.372612912
n591,CH-35,CHE,380,46.27610846,8.906247221
n592,CH-36,CHE,380,46.431056,6.985733834
n593,CH-37,CHE,380,46.22188996,9.251071056
n594,CH-38,CHE,380,46.30795975,8.143339831
n595,CH-39,CHE,380,46.17852153,8.650520738
n596,CH-40,CHE,380,46.24031318,7.632630577
n597,CH-41,CHE,380,46.08600704,9.101299236
n598,CH-42,CHE,380,46.24865846,7.06131901
n599,CH-43,CHE,380,46.1449384,7.924402024
n600,CH-44,CHE,380,45.99929589,9.02314217
n601,CH_ridde,CHE,380,46.10638512,7.239022226
n602,CH_verbo,CHE,380,46.16889665,6.13282074
n603,CH-47,CHE,380,46.12311496,6.912885758
n604,Lx-1,LUX,380,49.96308825,6.050590235
n605,Lx-2,LUX,380,49.79309378,6.09523384
n606,Lx-3,LUX,380,49.63011475,6.009862362
n607,NL-1,NLD,380,53.38597264,6.746095954
n608,NL-2,NLD,380,53.28155787,6.979169231
n609,NL-3,NLD,380,53.22574373,6.44105799
n610,NL-4,NLD,380,53.15778734,5.923130867
n611,NL_Meede,NLD,380,53.11927549,6.881129136
n612,NL-6,NLD,380,53.01705483,6.437134922
n613,NL-7,NLD,380,52.93777687,5.861923738
n614,NL-8,NLD,380,52.63726111,5.68305189
n615,NL-9,NLD,380,52.6204339,6.231352099
n616,NL-10,NLD,380,52.60630989,5.986926868
n617,NL-11,NLD,380,52.39985842,4.745116424
n618,NL_Henge,NLD,380,52.32319056,6.58458552
n619,NL-13,NLD,380,52.31415475,5.03857734
n620,NL-14,NLD,380,52.12322235,6.159900148
n621,NL-15,NLD,380,51.99702583,4.262204858
n622,NL-16,NLD,380,51.95608922,5.613347262
n623,NL-17,NLD,380,51.93674128,4.669183364
n624,NL_Geert,NLD,380,51.78810263,4.807821641
n625,NL-19,NLD,380,51.71910655,5.674690647
n626,NL-20,NLD,380,51.53746598,5.488234112
n627,NL_Maasb,NLD,380,51.323151,5.625268557
n628,NL-22,NLD,380,51.09264463,5.739093234
n629,NL_Borss,NLD,380,51.75590708,4.151938603
n630,Somplago,ITA,380,46.31108316,13.10025277
n631,Lana,ITA,380,46.40380782,11.0583475
n632,Floriano,ITA,380,46.28625154,11.44079042
n633,Udine,ITA,380,46.04055221,13.40380927
n634,Fadalto,ITA,380,46.10281016,12.3827593
n635,Pordenon,ITA,380,45.99726448,12.85539712
n636,Cordigna,ITA,380,45.95748773,13.16766422
n637,Verampio,ITA,380,46.27985972,8.483946519
n638,Monfalco,ITA,380,45.84990195,13.43012843
n639,Lavis,ITA,380,46.02272783,11.09817464
n640,S Fioran,ITA,380,46.059861,10.51500999
n641,Ca glian,ITA,380,45.86854057,12.47593006
n642,I_xx4,ITA,380,45.93573578,11.55426116
n643,Padricia,ITA,380,45.74418214,13.79415909
n644,Vellai,ITA,380,45.83617181,11.97395465
n645,Sondrio,ITA,380,46.0145859,9.61121559
n646,Salgared,ITA,380,45.76892624,12.68372397
n647,roncoval,ITA,380,45.96873729,8.719227598
n648,P Tamuno,ITA,380,45.77692395,10.22041775
n649,Pallanze,ITA,380,45.92777664,8.270361739
n650,I_xx3,ITA,380,45.67278065,11.1381461
n651,Buliciag,ITA,380,45.75183905,9.354694777
n652,Sandrigo,ITA,380,45.56806051,11.70938784
n653,Scorze,ITA,380,45.48954315,12.29673974
n654,fusina,ITA,380,45.46089052,12.41286632
n655,Gorlago,ITA,380,45.59399226,9.996154034
n656,Mantevia,ITA,380,45.44031476,11.66363981
n657,Mercallo,ITA,380,45.63487516,8.730922567
n658,valpelli,ITA,380,45.73673439,7.434026306
n659,Lona,ITA,380,45.46551506,10.60333601
n660,Flero,ITA,380,45.47837237,10.28169371
n661,Ciserano,ITA,380,45.48369325,9.732206512
n662,cassano,ITA,380,45.49192294,9.582329834
n663,lonato,ITA,380,45.3831411,10.90785772
n664,I_xx2,ITA,380,45.61716164,7.772014288
n665,Dugale,ITA,380,45.33346346,11.42276291
n666,Cislago,ITA,380,45.48857038,9.280486464
n667,Camin,ITA,380,45.27606175,12.05105406
n668,sandra,ITA,380,45.33332695,10.98329927
n669,Turbigo,ITA,380,45.45698702,8.497266533
n670,Nogarole,ITA,380,45.26246487,11.04144389
n671,Tavazzia,ITA,380,45.27631742,9.398767594
n672,adria,ITA,380,45.000748,12.41113591
n673,Cremona,ITA,380,45.14321505,10.13536037
n674,Marcatia,ITA,380,45.05344944,10.87807915
n675,Ostiglia,ITA,380,45.01252207,11.16541774
n676,Chivasso,ITA,380,45.21423566,8.042844862
n677,PortoTol,ITA,380,44.87281387,12.56158975
n678,Leyni,ITA,380,45.20170534,7.746973391
n679,La Casel,ITA,380,45.05859239,9.519599396
n680,Sermide,ITA,380,44.88339936,11.40245393
n681,Trino,ITA,380,45.01679173,8.400913277
n682,Piacerza,ITA,380,44.8688791,9.866709846
n683,Ferrara,ITA,380,44.70882691,11.68729352
n684,venaus,ITA,380,44.98526027,7.020404397
n685,Colorno,ITA,380,44.71927995,10.52349026
n686,Castelnu,ITA,380,44.82448206,8.973658339
n687,S. Damas,ITA,380,44.52239419,11.01938782
n688,Parma V,ITA,380,44.52881541,10.16369109
n689,Martigno,ITA,380,44.45143137,11.25813224
n690,PortoCor,ITA,380,44.36691731,12.25183746
n691,Casanova,ITA,380,44.66390596,7.761407999
n692,Piossasi,ITA,380,44.67924503,7.414263394
n693,Colunga,ITA,380,44.40210616,11.44663535
n694,Vignole,ITA,380,44.52677645,8.983258511
n695,blstagno,ITA,380,44.46215946,8.280647669
n696,Forti,ITA,380,44.16161852,12.12531121
n697,Bargi,ITA,380,44.20000401,11.18992652
n698,Genova,ITA,380,44.29285677,8.874525059
n699,San Mart,ITA,380,44.02817159,12.5451221
n700,Erzelli,ITA,380,44.27251785,8.640732015
n701,S. Colom,ITA,380,44.21903451,9.449073378
n702,Magliano,ITA,380,44.27925252,7.646081376
n703,Fano,ITA,380,43.90277084,12.98093392
n704,Vado Lig,ITA,380,44.13446633,8.45931904
n705,La Spezi,ITA,380,44.00446613,9.934890504
n706,Avenza,ITA,380,43.97926344,10.07138404
n707,I_xx,ITA,380,43.80034818,10.90131669
n708,Entracqu,ITA,380,44.01128801,7.353135471
n709,Calenzan,ITA,380,43.71988127,11.15102715
n710,Candia,ITA,380,43.54779024,13.54871457
n711,Campochi,ITA,380,43.80335307,8.104155115
n712,acciaiol,ITA,380,43.52580438,10.57127869
n713,arezzo,ITA,380,43.42286525,11.86516606
n714,Livorno,ITA,380,43.50705745,10.33042025
n715,Carnposo,ITA,380,43.63489662,7.555188753
n716,p d sper,ITA,380,43.29664615,11.34128844
n717,Rosen,ITA,380,43.26297035,10.5724983
n718,Rosa,ITA,380,42.88521775,13.65297556
n719,Piomigo,ITA,380,42.91896198,10.75979025
n720,Teramo,ITA,380,42.60380968,13.90508633
n721,Montori,ITA,380,42.5308297,13.79835413
n722,S. Giaco,ITA,380,42.53536298,13.39966253
n723,Villanov,ITA,380,42.47430119,14.08121744
n724,Villaval,ITA,380,42.56011621,12.57310339
n725,Popoli,ITA,380,42.15199669,13.83763801
n726,montalto,ITA,380,42.27488474,11.68754455
n727,Larino,ITA,380,41.99344415,14.83765596
n728,Torvalda,ITA,380,42.11216208,11.84603633
n729,Roma /S.,ITA,380,41.88460219,12.53208764
n730,Foggia,ITA,380,41.48576742,15.61532764
n731,capriati,ITA,380,41.57195103,14.24674174
n732,Valmonto,ITA,380,41.694342,12.86810732
n733,bari,ITA,380,41.26294301,16.76104106
n734,Andria,ITA,380,41.26219977,16.14220646
n735,Ceproro,ITA,380,41.52389398,13.5722882
n736,Presenza,ITA,380,41.36564417,14.13088007
n737,Latiana,ITA,380,41.44846435,12.84054628
n738,Benevent,ITA,380,41.23589988,14.90390697
n739,brindisi,ITA,380,40.80424133,17.79852192
n740,Gariglia,ITA,380,41.24142377,13.79079403
n741,Maddalon,ITA,380,41.04003996,14.44198014
n742,taranto,ITA,380,40.66218226,17.22764584
n743,Matera,ITA,380,40.73340073,16.63739862
n744,Levante,ITA,380,40.90517501,14.06683849
n745,Montecor,ITA,380,40.74353611,14.82880312
n746,Pisticci,ITA,380,40.40239568,16.48914279
n747,galatina,ITA,380,40.14246704,18.25699016
n748,laino,ITA,380,40.15974861,15.86606558
n749,rotonda,ITA,380,40.07119551,15.9120945
n750,rossano,ITA,380,39.6428962,16.5439337
n751,mucone,ITA,380,39.49341082,16.35939058
n752,scandale,ITA,380,39.09406214,17.15005486
n753,Feroleto,ITA,380,38.8641832,16.24222456
n754,rizzconi,ITA,380,38.34950715,16.1101541
n755,SFMela,ITA,380,38.06638691,15.13160285
n756,Bellolam,ITA,380,38.15805466,13.12877873
n757,partinic,ITA,380,38.03595412,12.89458115
n758,termini,ITA,380,37.93306252,13.4434607
n760,patemo,ITA,380,37.51390674,14.96903942
n761,misterbi,ITA,380,37.43904419,15.09271932
n762,partanna,ITA,380,37.72545297,12.6804811
n763,favara,ITA,380,37.33715307,13.6983274
n764,priolo,ITA,380,37.06154138,15.41832515
n765,chiaramo,ITA,380,37.0309395,14.77372268
n766,ragusa,ITA,380,36.80683992,14.84043351
n767,I_138,ITA,380,46.172603,9.449007587
n768,D-1,DEU,380,54.8745349,9.154154335
n769,D-2,DEU,380,54.46063752,12.82350318
n770,D-3,DEU,380,54.22247526,13.17237508
n771,D-4,DEU,380,54.57565234,9.941346994
n772,D-5,DEU,380,54.37436427,11.79774322
n773,D-6,DEU,380,54.51224444,9.525900603
n774,D-7,DEU,380,54.23444944,11.98574485
n775,D-8,DEU,380,53.98208706,12.87559778
n776,D-9,DEU,380,53.90459372,11.93617413
n777,D-10,DEU,380,54.1422611,9.321852585
n778,D-11,DEU,380,54.01299373,10.30197861
n779,D-12,DEU,380,54.09694195,8.993440252
n780,D-13,DEU,380,53.50641332,13.72116984
n781,D-14,DEU,380,53.99002129,9.724237525
n782,D-15,DEU,380,53.70476994,11.19538993
n783,D-16,DEU,380,53.80891769,9.46257626
n784,D-17,DEU,380,53.72688359,10.01107271
n785,D-18,DEU,380,53.71966122,9.231854635
n786,D-19,DEU,380,53.08243755,13.99351394
n787,D-20,DEU,380,53.66508947,9.358736824
n788,D-21,DEU,380,53.58545367,10.19727471
n789,D-22,DEU,380,53.71811582,7.796695767
n790,D-23,DEU,380,53.601462,9.644851184
n791,D-24,DEU,380,53.60813613,8.450432539
n792,D-25,DEU,380,53.14130579,11.65972583
n793,D-26,DEU,380,53.48615555,8.215747826
n794,D-27,DEU,380,53.50254215,7.069562328
n795,D_Connef,DEU,380,53.43477759,7.958550036
n796,D-29,DEU,380,53.44450333,7.325397538
n797,D-30,DEU,380,53.12362596,10.13408873
n798,D-31,DEU,380,53.25668096,8.371492955
n799,D-32,DEU,380,53.25779191,8.110515282
n800,D-33,DEU,380,53.17739442,9.010202828
n801,D-34,DEU,380,52.62617395,12.93631388
n802,D-35,DEU,380,52.56740709,13.21797482
n803,D-36,DEU,380,53.12690455,8.664365701
n804,D-37,DEU,380,53.13789443,8.360919687
n805,D-38,DEU,380,52.59717033,12.80290282
n806,D-39,DEU,380,52.61505596,12.65574497
n807,D_Diele,DEU,380,53.17986358,7.191687352
n808,D-41,DEU,380,52.45990367,13.43662342
n809,D-42,DEU,380,53.01917033,7.916222385
n810,D-43,DEU,380,52.94763537,8.744153406
n811,D-44,DEU,380,53.01788816,7.077807679
n812,D-45,DEU,380,52.42434463,12.23086798
n813,D-46,DEU,380,52.01825692,14.39178587
n814,D-47,DEU,380,52.1992148,12.88232006
n815,D-48,DEU,380,52.82194598,7.106763496
n816,D-49,DEU,380,52.65709431,8.972309043
n817,D-50,DEU,380,52.71274259,8.169098218
n818,D-51,DEU,380,52.39030912,10.55787362
n819,D-52,DEU,380,52.23644207,11.46272764
n820,D-53,DEU,380,52.42051394,9.757693284
n821,D-54,DEU,380,52.50239726,8.663802901
n822,D-55,DEU,380,52.3214985,10.18503155
n823,D-56,DEU,380,52.59120353,7.123771394
n824,D-57,DEU,380,51.80290891,13.66324938
n825,D-58,DEU,380,52.20166484,10.82894826
n826,D-59,DEU,380,52.43416956,8.878353937
n827,D-60,DEU,380,52.37010192,9.400251641
n828,D-61,DEU,380,52.43848738,8.607370529
n829,D-62,DEU,380,51.67748301,14.15730847
n830,D-63,DEU,380,52.46839685,8.083866802
n831,D-64,DEU,380,52.27110127,9.683472705
n832,D-65,DEU,380,52.40643158,7.742335736
n833,D-66,DEU,380,52.28394124,8.704897467
n834,D_Gronau,DEU,380,52.30921474,6.911362958
n835,D-68,DEU,380,51.4135466,14.20553883
n836,D-69,DEU,380,52.04990004,9.514482633
n837,D-70,DEU,380,51.71679697,11.91792925
n838,D-71,DEU,380,52.11462944,8.533471437
n839,D-72,DEU,380,52.12023242,8.405876761
n840,D-73,DEU,380,52.15691548,7.999654294
n841,D-74,DEU,380,52.02238173,9.166168737
n842,D-75,DEU,380,51.87628384,9.627843798
n843,D-76,DEU,380,52.09709632,7.492968458
n844,D-77,DEU,380,51.22699846,14.2565027
n845,D-78,DEU,380,52.00311192,8.212982207
n846,D-79,DEU,380,51.5843035,11.19783831
n847,D-80,DEU,380,51.07778239,14.65625345
n848,D-81,DEU,380,51.85660249,8.670835663
n849,D-82,DEU,380,51.19302924,13.21306673
n850,D-83,DEU,380,51.0542332,13.96880689
n851,D-84,DEU,380,51.7547649,8.529417625
n852,D-85,DEU,380,51.36376603,11.58010626
n853,D-86,DEU,380,51.80922334,7.962653241
n854,D-87,DEU,380,51.46807498,10.76543283
n855,D-88,DEU,380,51.83184791,7.641148706
n856,D-89,DEU,380,51.23061209,12.44497265
n857,D-90,DEU,380,51.6429397,9.158216616
n858,D-91,DEU,380,51.75946264,7.864501082
n859,D-92,DEU,380,51.20002264,12.14329105
n860,D-93,DEU,380,51.84037613,6.176769208
n861,D-94,DEU,380,50.99101131,13.43887998
n862,D-95,DEU,380,51.79041754,6.906496279
n863,D-96,DEU,380,51.50980906,9.587152695
n864,D-97,DEU,380,51.61282522,8.424081912
n865,D-98,DEU,380,50.92376897,13.60108374
n866,D-99,DEU,380,51.11836421,12.05641578
n867,D-100,DEU,380,51.7603363,6.472713724
n868,D-101,DEU,380,51.65973612,7.653965543
n869,D-102,DEU,380,51.71203063,6.839355728
n870,D-103,DEU,380,51.0295786,12.46511442
n871,D-104,DEU,380,51.66479946,7.066775096
n872,D-105,DEU,380,51.60031466,7.02011049
n873,D-106,DEU,380,51.35552435,9.314347839
n874,D-107,DEU,380,51.4232859,8.670669674
n875,D-108,DEU,380,51.54572857,7.224766714
n876,D-109,DEU,380,51.58569399,6.703650696
n877,D-110,DEU,380,51.53019567,6.977850726
n878,D-111,DEU,380,51.45716604,7.513073396
n879,D-112,DEU,380,51.23312837,9.29971627
n880,D-113,DEU,380,50.75815995,12.55158901
n881,D-114,DEU,380,50.86566494,11.57343648
n882,D-115,DEU,380,50.80484209,11.8867418
n883,D-116,DEU,380,51.2427951,8.185997114
n884,D-117,DEU,380,50.70502937,12.32159288
n885,D-118,DEU,380,50.95548934,10.15576013
n886,D-119,DEU,380,51.07359214,9.039034322
n887,D-120,DEU,380,51.15240474,7.812743833
n888,D-121,DEU,380,50.52247224,12.65169276
n889,D-122,DEU,380,50.47687997,12.76103037
n890,D-123,DEU,380,51.17032438,6.848775171
n891,D-124,DEU,380,50.88400347,9.405582399
n892,D-125,DEU,380,50.51806012,12.1283266
n893,D-126,DEU,380,51.18409539,6.478073318
n894,D-127,DEU,380,51.08608407,7.346841103
n895,D_Rommer,DEU,380,51.12352743,6.471367824
n896,D-129,DEU,380,50.515188,11.51657792
n897,D-130,DEU,380,50.85571856,8.26559338
n898,D-131,DEU,380,50.90374645,7.743187636
n899,D_Siersd,DEU,380,51.04414846,6.116853736
n900,D-133,DEU,380,50.86001422,8.077448685
n901,D-134,DEU,380,50.51860155,10.72692311
n902,D-135,DEU,380,50.43928571,10.94273352
n903,D-136,DEU,380,50.96499279,6.351100855
n904,D-137,DEU,380,50.89494881,6.783346522
n905,D-138,DEU,380,50.70953871,8.511659749
n906,D-139,DEU,380,50.5500598,9.470714981
n907,D-140,DEU,380,50.19462602,11.59899398
n908,D-141,DEU,380,50.74271704,6.951082398
n909,D-142,DEU,380,50.15393309,11.00150795
n910,D-143,DEU,380,50.45050217,7.94991399
n911,D-144,DEU,380,50.4750392,7.240942136
n912,D-145,DEU,380,50.43496665,7.564143171
n913,D-146,DEU,380,50.44391769,7.370627099
n914,D-147,DEU,380,50.53035764,6.449199037
n915,D-148,DEU,380,50.26494824,8.585450998
n916,D-149,DEU,380,50.19210378,8.853939765
n917,D-150,DEU,380,49.9297018,10.85916522
n918,D-151,DEU,380,49.90102393,10.61913919
n919,D-152,DEU,380,50.11305861,8.804694509
n920,D-153,DEU,380,50.13216368,8.376702836
n921,D-154,DEU,380,49.9173933,9.923199848
n922,D-155,DEU,380,50.09898354,8.124741371
n923,D-156,DEU,380,49.59173241,11.91883318
n924,D-157,DEU,380,50.02408768,8.38041519
n925,D-158,DEU,380,49.95283026,8.645071065
n926,D-159,DEU,380,49.87557987,9.035983166
n927,D-160,DEU,380,50.08720285,6.367073972
n928,D-161,DEU,380,49.55436491,10.88907226
n929,D-162,DEU,380,50.04558041,6.74787036
n930,D-163,DEU,380,49.69869231,9.35109505
n931,D-164,DEU,380,49.85363957,7.592015763
n932,D-165/16,DEU,380,49.72233865,8.386930892
n933,D-170,DEU,380,49.34847521,11.19266134
n934,D-171,DEU,380,49.58532428,9.229143077
n935,D-172,DEU,380,49.24778572,11.93237536
n936,D-173,DEU,380,49.85641927,6.570063938
n937,D-174,DEU,380,49.36679616,10.62596043
n938,D-175,DEU,380,49.51266105,8.816010691
n939,D-176,DEU,380,49.36740496,9.044633456
n940,D-177,DEU,380,49.40284965,8.311159605
n941,D-178,DEU,380,49.46371058,7.575346639
n942,D-179,DEU,380,49.22356628,9.43534756
n943,D-180,DEU,380,49.48354537,7.162181855
n944,D-181,DEU,380,49.21658148,9.211550034
n945,D-182,DEU,380,49.29739031,8.494150092
n946,D-183,DEU,380,48.88299265,11.96392076
n947,D_185,DEU,380,49.46495943,6.85148691
n948,D-185,DEU,380,49.4946875,6.542056951
n949,D-186,DEU,380,49.13381225,8.954278234
n950,D-187,DEU,380,48.76413061,11.78117878
n951,D-188,DEU,380,48.57604172,12.99920936
n952,D-189,DEU,380,48.98926113,9.254323952
n953,D-190,DEU,380,48.74814706,11.30400493
n954,D-191,DEU,380,48.54704081,12.25007735
n955,D-192,DEU,380,49.02304401,8.067119236
n956,D-193,DEU,380,48.52447501,12.138256
n957,D-194,DEU,380,48.71086446,10.03049178
n958,D-195,DEU,380,48.77583873,9.37875093
n959,D-196,DEU,380,48.77763956,9.059935284
n960,D-197,DEU,380,48.43942741,11.74853311
n961,D-198,DEU,380,48.53152902,10.78014185
n962,D-199,DEU,380,48.75503454,8.493255944
n963,D-200,DEU,380,48.77429244,8.093042544
n964,D-201,DEU,380,48.58563386,9.478829348
n965,D-202,DEU,380,48.47736535,10.37449146
n966,D-203,DEU,380,48.59239014,9.223654179
n967,E-204,DEU,380,48.41263234,10.1250918
n968,D-205,DEU,380,48.32464883,10.8425982
n969,D-206,DEU,380,48.20595374,11.81705548
n970,D-207,DEU,380,48.24609289,11.24814819
n971,D-208,DEU,380,48.47767088,8.700490351
n972,D-209,DEU,380,48.15461352,11.58823297
n973,D-210,DEU,380,48.22290988,10.75605773
n974,E-211,DEU,380,48.32811634,9.561610662
n975,D-212,DEU,380,48.48984821,7.826071846
n976,D-213,DEU,380,48.11167519,10.04709961
n977,D-214,DEU,380,47.97250814,11.18695919
n978,E-215,DEU,380,48.1884782,8.829449677
n979,D-216,DEU,380,47.84002032,11.99766484
n980,E-217,DEU,380,48.04910163,8.59566661
n981,E-218,DEU,380,47.96018198,9.387285939
n982,D-219,DEU,380,47.85883491,10.19085891
n983,E-220,DEU,380,48.03047504,8.371460971
n984,D_Eichst,DEU,380,48.08049613,7.688992244
n985,D_leupol,DEU,380,47.64765172,10.37584722
n986,E-223,DEU,380,47.72926548,8.798636102
n987,D-224,DEU,380,47.53868336,10.29109945
n988,E_obermo,DEU,380,47.55816904,9.64458944
n989,D_engstl,DEU,380,47.66194484,8.137616331
n990,D_Tienge,DEU,380,47.58570836,8.233479226
n991,D_kuhmoo,DEU,380,47.57310765,7.868995908
n992,D-229,DEU,380,50.28458632,6.122007922
n993,D_oberbr,DEU,380,47.60062552,10.82665846
n994,D-231,DEU,380,48.39655538,12.57650026
n995,D_233,DEU,380,48.10637498,12.44870641
n996,A-1,AUT,380,48.31714083,16.37670767
n997,A-2,AUT,380,48.31454591,15.96743576
n998,A-3,AUT,380,48.27134384,15.58196832
n999,A-4,AUT,380,48.1340936,16.34080708
n1000,A-5,AUT,380,48.156532,14.57800246
n1001,A-6,AUT,380,48.21481411,13.92969214
n1002,A-7,AUT,380,48.07451479,14.90701338
n1003,A-8,AUT,380,48.04143508,14.39379574
n1004,A_st.Pet,AUT,380,48.15735971,12.98748727
n1005,A-10,AUT,380,47.98776744,13.86223788
n1006,A-11,AUT,380,47.7308361,15.99201193
n1007,A-12,AUT,380,47.8565675,13.04066648
n1008,A-13,AUT,380,47.73739703,14.0998734
n1009,A-14,AUT,380,47.51126279,14.22445732
n1010,A-15,AUT,380,47.34876631,16.1428565
n1011,A-16,AUT,380,47.30838981,14.86160555
n1012,A-17,AUT,380,47.14466566,14.66878602
n1013,A-18,AUT,380,47.25223016,12.75890526
n1014,A-19,AUT,380,47.35023088,11.72890693
n1015,A-20,AUT,380,47.23616991,11.91393005
n1016,A-21,AUT,380,47.2508869,11.46408258
n1017,A-22,AUT,380,46.89988803,15.54473171
n1018,A_Westti,AUT,380,47.1690043,10.67206666
n1019,A-24,AUT,380,47.05866731,11.77704705
n1020,A-25,AUT,380,47.1866271,9.608599005
n1021,A-26,AUT,380,46.81853528,13.55470099
n1022,A-27,AUT,380,46.71079799,14.81964744
n1023,A_Burs,AUT,380,47.05138144,9.824652597
n1024,A-29,AUT,380,46.92774125,10.68335556
n1025,A-30,AUT,380,46.73516631,12.73364362
n1026,A-31,AUT,380,46.57292143,14.63718666
n1027,A-32,AUT,380,46.59176339,14.11425098
n1028,A-33,AUT,380,46.87914348,10.10804039
n1029,A-34,AUT,380,46.49485289,14.34422954
n1030,A-35,AUT,380,48.49059416,13.76530552
n1031,A-36,AUT,380,47.90897563,16.56469603
n1032,DK-1,DNK,380,57.05104559,9.921858084
n1033,DK-2,DNK,380,56.56962948,9.872834153
n1034,DK-3,DNK,380,56.3906416,9.524505266
n1035,DK-4,DNK,380,56.3001637,9.007699342
n1036,DK-5,DNK,380,56.23990557,9.741452551
n1037,DK-6,DNK,380,55.86297307,9.508021053
n1038,DK-7,DNK,380,55.76437812,10.27232284
n1039,DK-8,DNK,380,55.24457628,9.196372856
n1040,CZ-1,CZE,380,50.45126175,15.1142488
n1041,CZ-2,CZE,380,50.45176142,14.27656888
n1042,CZ-3,CZE,380,50.042514,16.89637913
n1043,CZ-4,CZE,380,50.19271832,15.5961383
n1044,CZ-5,CZE,380,50.43338795,13.64357906
n1045,CZ-6,CZE,380,49.85527338,17.36105518
n1046,CZ-7,CZE,380,49.7623194,18.23555853
n1047,CZ-8,CZE,380,50.32287011,13.36256473
n1048,CZ-9,CZE,380,50.2114056,13.71669517
n1049,CZ-10,CZE,380,49.98396347,15.19782139
n1050,CZ-11,CZE,380,50.27841941,12.78138531
n1051,CZ-12,CZE,380,49.64264226,18.10630473
n1052,CZ-13,CZE,380,49.79137218,16.56657253
n1053,CZ-14,CZE,380,49.60147509,18.36055598
n1054,CZ-15,CZE,380,50.1852236,13.095072
n1055,CZ-16,CZE,380,49.88009239,15.49679389
n1056,CZ-17,CZE,380,49.95186339,14.69347253
n1057,CZ-18,CZE,380,49.97270831,14.31656925
n1058,CZ-19,CZE,380,49.87594339,14.20913426
n1059,CZ-20,CZE,380,50.05247985,12.62807994
n1060,CZ-21,CZE,380,49.86664917,13.94335735
n1061,CZ-22,CZE,380,49.41117699,17.42056332
n1062,CZ-23,CZE,380,49.41767177,15.58625909
n1063,CZ-24,CZE,380,49.34506843,16.25674859
n1064,CZ-25,CZE,380,49.6726469,13.23284973
n1065,CZ-26,CZE,380,49.20886846,17.34249505
n1066,CZ-27,CZE,380,49.42800891,14.10430062
n1067,CZ-28,CZE,380,49.43344666,13.88402029
n1068,CZ-29,CZE,380,49.48554673,13.16459154
n1069,CZ-30,CZE,380,49.29324174,14.58371189
n1070,CZ-31,CZE,380,48.99232624,16.67698072
n1071,CZ-32,CZE,380,48.9393233,15.95328821
n1072,CZ-33,CZE,380,49.0975756,14.18544436
n1073,CZ-34,CZE,380,48.86671046,14.28225195
n1074,PL-1,POL,380,54.86104612,18.10308265
n1075,PL-2,POL,380,53.71918816,22.33266507
n1076,PL-3,POL,380,54.68746479,16.86543429
n1077,PL-4,POL,380,53.98266779,20.60177689
n1078,PL-5,POL,380,54.28907083,18.69362206
n1079,PL-6,POL,380,54.26636334,18.45044794
n1080,PL-7,POL,380,53.66004315,20.49510834
n1081,PL-8,POL,380,53.00361585,23.207087
n1082,PL-9,POL,380,53.94403913,16.6781101
n1083,PL-10,POL,380,54.08405735,15.50168027
n1084,PL-11,POL,380,53.27127543,19.106609
n1085,PL-12,POL,380,52.86570044,21.56915379
n1086,PL-13,POL,380,53.94302602,14.46793727
n1087,PL-14,POL,380,53.00208015,19.20184271
n1088,PL-15,POL,380,52.78425353,20.21134886
n1089,PL-16,POL,380,52.93397646,18.09004664
n1090,PL-17,POL,380,52.72016321,19.31326833
n1091,PL-18,POL,380,52.4436999,20.97449736
n1092,PL-19,POL,380,53.4963579,14.31546874
n1093,PL-20,POL,380,52.21545791,22.57760834
n1094,PL-21,POL,380,53.08944865,16.56677156
n1095,PL-22,POL,380,52.52482881,20.06890048
n1096,PL-23,POL,380,52.33860942,21.3928754
n1097,PL-24,POL,380,53.32532883,14.58958801
n1098,PL-25,POL,380,52.21488626,20.91645224
n1099,PL-26,POL,380,52.21743848,20.19535851
n1100,PL-27,POL,380,52.04648912,21.13824327
n1101,PL-28,POL,380,52.95572842,14.11290703
n1102,PL-29,POL,380,52.25301779,18.23341371
n1103,PL-30,POL,380,52.44043987,16.88144148
n1104,PL-31,POL,380,52.66764797,15.07330284
n1105,PL-32,POL,380,52.28063589,16.99103421
n1106,PL-33,POL,380,52.24707907,16.60610897
n1107,PL-34,POL,380,51.58937355,21.44399633
n1108,PL-35,POL,380,51.3773133,23.42097978
n1109,PL-36,POL,380,51.45054808,21.84976521
n1110,PL-37,POL,380,51.81456224,18.62723849
n1111,PL-38,POL,380,51.74995914,18.9847822
n1112,PL-39,POL,380,51.6888327,19.30340579
n1113,PL-40,POL,380,51.65542237,18.94550584
n1114,PL-41,POL,380,51.36823058,21.25752096
n1115,PL-42,POL,380,51.26156164,22.44961502
n1116,PL-43,POL,380,51.23669285,22.29113967
n1117,PL-44,POL,380,51.87478576,16.64519443
n1118,PL-45,POL,380,51.15464676,22.99260278
n1119,PL-46,POL,380,51.34584552,19.55274858
n1120,PL-47,POL,380,51.12406452,21.321414
n1121,PL-48,POL,380,51.46612525,17.36862648
n1122,PL-49,POL,380,51.28351337,18.71194845
n1123,PL-50,POL,380,51.63437015,15.95617349
n1124,PL-51,POL,380,50.92733422,23.55479583
n1125,PL-52,POL,380,51.65447517,15.43589665
n1126,PL-53,POL,380,51.47809449,16.20009136
n1127,PL-54,POL,380,50.85428584,20.47925637
n1128,PL-55,POL,380,50.74571914,21.86489559
n1129,PL-56,POL,380,51.01815227,18.6698854
n1130,PL-57,POL,380,51.12406107,17.09734499
n1131,PL-58,POL,380,50.75816471,20.13547984
n1132,PL-59,POL,380,51.19761297,16.06908193
n1133,PL-60,POL,380,50.84593337,18.80422226
n1134,PL-61,POL,380,50.5894317,21.33686386
n1135,PL-62,POL,380,50.62221677,20.55612278
n1136,PL-63,POL,380,50.78028787,18.55510975
n1137,PL-64,POL,380,50.94610746,16.71355606
n1138,PL-65,POL,380,50.69878246,18.5771723
n1139,PL-66,POL,380,50.46575016,21.07720543
n1140,PL-67,POL,380,50.56235251,19.25720579
n1141,PL-68,POL,380,51.03349305,14.93170646
n1142,PL-69,POL,380,50.50319954,19.05151909
n1143,PL-70,POL,380,50.29666412,20.71435949
n1144,PL-71,POL,380,50.75494376,16.13906203
n1145,PL-72,POL,380,50.31610566,20.13197322
n1146,PL-73,POL,380,50.42218864,18.86216772
n1147,PL-74,POL,380,50.19939494,21.88058482
n1148,PL-75,POL,380,50.82802217,15.3613255
n1149,PL-76,POL,380,50.51067776,17.88450278
n1150,PL-77,POL,380,50.37205242,19.14954893
n1151,PL-78,POL,380,50.57890948,16.76533716
n1152,PL-79,POL,380,50.13097704,21.58776721
n1153,PL-80,POL,380,50.26382144,19.59499173
n1155,PL-82,POL,380,50.19491572,19.85429511
n1156,PL-83,POL,380,50.6100578,15.9066404
n1157,PL-84,POL,380,50.31053318,18.469656
n1158,PL-85,POL,380,50.11232511,20.78175024
n1159,PL-86,POL,380,50.33158879,18.10757232
n1160,PL-87,POL,380,50.17217409,19.31638863
n1161,PL-88,POL,380,50.23027399,18.52528901
n1162,PL-89,POL,380,50.14098885,18.64170697
n1163,PL-90,POL,380,49.89515843,21.65471711
n1164,PL-91,POL,380,50.00608832,19.59583115
n1165,PL-92,POL,380,50.10404222,18.26812021
n1166,PL-93,POL,380,49.97832687,19.20390096
n1167,PL-94,POL,380,49.89963967,19.29214383
n1168,PL-95,POL,380,49.90584019,18.35295631
n1169,PL-96,POL,380,50.03196746,18.88551281
n1170,H-1,HUN,380,48.84110097,21.53095498
n1171,H-2,HUN,380,48.75707806,20.30176386
n1172,H-3,HUN,380,48.702329,20.97244363
n1173,H-4,HUN,380,48.68441878,20.56190208
n1174,H-5,HUN,380,48.53139506,20.78929621
n1175,H-6,HUN,380,48.30123984,21.42443449
n1176,H-7,HUN,380,48.17193084,19.77330732
n1177,H-8,HUN,380,48.02185209,19.00420642
n1178,H-9,HUN,380,47.8741793,19.02077759
n1179,H-10,HUN,380,47.70515303,19.04228518
n1180,H-11,HUN,380,47.6448835,20.12070048
n1181,H-12,HUN,380,47.66339572,19.6049635
n1182,H-13,HUN,380,47.75264189,17.4167363
n1183,H-14,HUN,380,47.71018047,18.09974977
n1184,H-15,HUN,380,47.65215784,18.78834907
n1185,H-16,HUN,380,47.51962565,18.57335027
n1186,H-17,HUN,380,46.99044333,22.03480114
n1187,H-18,HUN,380,47.34659284,17.88939651
n1188,H-19,HUN,380,47.25950627,18.83325156
n1189,H-20,HUN,380,46.88706558,20.99181006
n1190,H-21,HUN,380,46.91536218,18.74184445
n1191,H-22,HUN,380,46.95910963,17.11376893
n1192,H-23,HUN,380,46.71188206,20.62618091
n1194,H-25,HUN,380,46.59343714,17.87563952
n1195,SK-1,SVK,380,49.26680231,21.44819771
n1196,SK-2,SVK,380,49.21828284,20.85460786
n1197,SK-3,SVK,380,49.28980206,19.09580919
n1198,SK-4,SVK,380,49.16483792,20.20621144
n1199,SK-5,SVK,380,49.15749296,19.61934424
n1200,SK-6,SVK,380,49.0839015,21.55447645
n1201,SK-7,SVK,380,49.20482928,18.60735841
n1202,SK-8,SVK,380,49.12315311,19.17267149
n1203,SK-9,SVK,380,49.10201768,18.75040136
n1204,SK-10,SVK,380,49.05022891,20.91623615
n1205,SK-11,SVK,380,48.96381051,20.6769997
n1206,SK-12,SVK,380,49.09524691,18.17204564
n1207,SK-13,SVK,380,48.92706266,19.10755974
n1208,SK-14,SVK,380,48.78957973,17.67739846
n1209,SK-15,SVK,380,48.71852437,18.28021208
n1210,SK-16,SVK,380,48.62252292,19.76037797
n1211,SK-17,SVK,380,48.61364839,18.5115473
n1212,SK-18,SVK,380,48.63780427,17.1070564
n1213,SK-19,SVK,380,48.38032846,18.21372138
n1214,SK-20,SVK,380,48.35634121,18.46396278
n1215,SK-21,SVK,380,48.37860646,17.49631367
n1216,SK-22,SVK,380,48.31446184,16.9334853
n1217,SK-23,SVK,380,48.11152709,17.08898802
n1218,SK-24,SVK,380,48.02554005,17.57436495
n1219,SV-1,SVN,380,46.54483254,15.79790291
n1220,SV-2,SVN,380,46.40727418,15.76169743
n1221,SV-3,SVN,380,46.27128017,15.14106425
n1222,SV-4,SVN,380,46.24431195,14.37706591
n1223,SV-5,SVN,380,46.07337368,14.66496423
n1224,SV-6,SVN,380,45.99130087,15.63368086
n1226,SV-8,SVN,380,45.77163433,14.24408049
n1227,CRT-1,HRV,380,45.73987955,19.18622247
n1228,CRT-2,HRV,380,45.84032666,16.25066079
n1229,CRT-3,HRV,380,45.82725317,15.88986266
n1230,CRT-4,HRV,380,45.56288271,19.42287844
n1231,CRT-5,HRV,380,45.69074269,17.97616379
n1232,CRT-6,HRV,380,45.58221838,17.81695995
n1233,CRT-7,HRV,380,45.4179347,14.86044714
n1234,CRT-8,HRV,380,45.16448386,14.27656905
n1235,CRT-9,HRV,380,45.06524401,15.30964252
n1236,CRT-10,HRV,380,44.94459572,15.07618358
n1237,CRT-11,HRV,380,44.46394893,15.68411695
n1238,CRT-12,HRV,380,43.93965776,16.85405724
n1239,CRT-13,HRV,380,43.93708051,16.56521602
n1240,CRT-14,HRV,380,43.92640701,16.0655409
n1241,CRT-17,HRV,380,46.25460458,16.43615793
n1242,CRT-16,HRV,380,43.72964055,16.77068431
n1244,FromUkrainaWest,SVK,380,49.07974687,21.89650618
n1250,FromGB,FRA,380,51.11158103,1.792708055
n1251,FromMarocco,ESP,380,35.57555841,-5.314844196
n1253,to Sarde,ITA,380,42.51119151,10.39504736
n1254,ToBIH,HRV,380,43.73429108,17.91967977
n1257,Palini,GRC,380,38.03719639,23.86070672
n1258,Koumoundourou,GRC,380,38.18759139,23.44968094
n1259,Agios Stefanos,GRC,380,38.28136736,23.8512762
n1260,Acharnes,GRC,380,38.41852026,23.46464674
n1261,Larymna,GRC,380,38.7149849,22.74105214
n1262,Distomo,GRC,380,38.66202293,22.10229987
n1265,Acheloos,GRC,380,39.05832919,20.5026202
n1266,Lamia,GRC,380,39.25171596,21.40018124
n1267,Larisa,GRC,380,39.88257401,21.56766012
n1268,Trikala,GRC,380,39.81677438,21.09684347
n1269,Kardia,GRC,380,40.61512054,21.22826614
n1270,Agios Dimitrios,GRC,380,40.74903463,21.41236225
n1271,Amyndeo,GRC,380,40.83701695,21.23207091
n1272,Thessaloniki,GRC,380,40.74139298,22.32813839
n1273,Lagadas,GRC,380,40.8105115,22.69172367
n1274,Fillipi,GRC,380,40.91657297,23.90210996
n1275,Nea Santa,GRC,380,40.99787908,25.59939291
n1277,Zemblak,ALB,380,40.84444336,20.26628009
n1278,Elbasan 2,ALB,380,41.4194641,19.85943279
n1279,Tirana 2,ALB,380,41.70234076,19.61079146
n1280,Bitola,MKD,380,41.39702268,20.96850305
n1281,Dubrovo,MKD,380,41.72417103,21.6311833
n1282,Stip,MKD,380,41.95158279,21.77666977
n1283,Skpje 4,MKD,380,42.2392106,21.46274769
n1284,Skopje 5,MKD,380,42.3605005,21.26607207
n1285,Blagoevgrad,BGR,380,42.08938427,22.98715435
n1286,Vetren,BGR,380,42.03268596,24.27569331
n1287,Plovdiv,BGR,380,41.88198354,25.01964087
n1288,Ch. Mogila,BGR,380,42.65044835,22.70501957
n1289,Maritsa 3,BGR,380,42.10328048,26.48571848
n1290,Maritsa 2,BGR,380,42.29750893,26.12145559
n1291,Burgas,BGR,380,42.51067767,27.81584553
n1292,Zlatisa,BGR,380,42.91054282,24.39202743
n1293,Stolnik,BGR,380,42.92370457,23.82749566
n1294,Metalurgichna,BGR,380,43.01169378,23.52251302
n1295,Sofia-Zapad,BGR,380,43.05430445,22.85996784
n1296,Kozloduy,BGR,380,43.72619204,23.43752466
n1297,Mizia,BGR,380,43.36206835,24.15258229
n1298,Tsarevets,BGR,380,43.35233012,25.29285046
n1299,Varna,BGR,380,43.47869115,27.80592425
n1300,Dobrudzha,BGR,380,43.40559827,28.29909523
n1301,Vlore,ALB,220,41.03035888,19.1592652
n1302,Fier,ALB,220,41.28268219,19.30303889
n1303,Dures,ALB,220,41.68089159,19.35923571
n1304,Elbasan 1,ALB,220,41.49778578,19.62476234
n1305,Tirana 1,ALB,220,41.70755888,19.86099969
n1306,Burrel,ALB,220,42.04404219,19.8770745
n1307,Vaui Dejes,ALB,220,42.46458133,19.55768533
n1308,Koman,ALB,220,42.59305681,19.76882631
n1309,Fierze,ALB,220,42.65695489,19.96374618
n1310,Skopje 1,MKD,220,42.22155165,21.11185904
n1311,Vrotok,MKD,220,41.90720959,20.51557824
n1312,Arachthos,GRC,380,39.70117899,20.23065989
n1313,Elpe,GRC,380,40.7368972,22.02475891
n1314,Florina,GRC,380,41.03343859,21.00234911
n1315,Stomana,BGR,220,42.68185922,22.98480097
n1316,Bobovdol,BGR,220,42.5489827,23.13866595
n1317,Sofia,BGR,220,42.92021797,23.0515648
n1318,Sofia-Jug,BGR,220,42.77740901,23.36688443
n1319,Kremikovtsi,BGR,220,42.85672058,23.48995118
n1320,Kazichane,BGR,220,42.76471138,23.84656554
n1321,Belmeken,BGR,220,42.4568998,23.98912503
n1322,Sestrimo,BGR,220,42.5490573,24.21698992
n1323,Aleko,BGR,220,42.31865665,24.85145657
n1324,Peshtera,BGR,220,41.84862947,24.38823898
n1325,Orfey,BGR,220,41.73589333,24.77875323
n1326,Devin,BGR,220,41.55091602,24.90623942
n1327,Teshel,BGR,220,41.4405051,24.68765616
n1328,Maritsa,BGR,220,42.11679343,26.12036213
n1329,Stara Zagora,BGR,220,42.29800355,25.6572669
n1330,Cnudomir,BGR,220,42.57713335,25.43149213
n1331,Balkan,BGR,220,43.04123197,25.49909132
n1332,Ghorna Oryakhovitsa,BGR,220,43.26861799,25.69298596
n1333,Tvyrditsa,BGR,220,42.89208046,26.23485446
n1334,Karnobat,BGR,220,42.70180158,27.4110232
n1335,Varna,BGR,220,43.23679255,28.4494877
n1336,Madara,BGR,220,43.40782046,26.98311687
n1337,Obraztsow Chiflik,BGR,220,43.80284572,25.90736596
n1338,Pleven,BGR,220,43.5065584,24.75110348
n1339,Boychinovtsi,BGR,220,43.49979326,23.17265122
n1341,Uzundjovo,BGR,220,41.70741958,26.00629097
n1342,Chaira,BGR,380,41.97043562,24.14499928
n1343,Podgoritsa,MNE,380,42.77983311,19.40220286
n1344,Ribarevine,MNE,380,43.28608281,19.98300268
n1345,Pljevja,MNE,220,43.59395454,19.64229973
n1346,Piva,MNE,220,43.51518108,19.24335867
n1347,Perucica,MNE,220,42.84935538,19.03824496
n1348,Podgoritsa 220KV,MNE,220,42.71698464,19.36867715
n1349,Mojkovac,MNE,220,43.1654515,19.68124443
n1350,Trebinje,BIH,380,43.17144732,18.75081123
n1351,Gacko,BIH,380,43.53173923,18.87374524
n1352,Mostar,BIH,380,43.82625079,18.60785052
n1353,Sarajevo 10,BIH,380,44.36794463,18.93139191
n1354,Tuzla,BIH,380,44.75299812,19.20684175
n1355,Ugljevik,BIH,380,44.96196684,19.55774291
n1356,Banja Luka,BIH,380,45.00840432,18.59156526
n1357,Dubrovnik,BIH,220,43.03271869,18.67289641
n1358,Capljina HPP,BIH,220,43.16252113,18.50460222
n1359,Capljina,BIH,220,43.54544153,18.35854583
n1360,Salakovac,BIH,220,43.96830524,18.61294602
n1361,Grabovica,BIH,220,44.13350489,18.51518396
n1362,Jablanica,BIH,220,44.21570181,18.66745088
n1363,Rama,BIH,220,44.28374421,18.59612163
n1364,Kakanj,BIH,220,44.5157548,18.82837844
n1365,Jenica,BIH,220,44.59931676,18.74357074
n1366,Tuzla 220,BIH,220,44.83350202,19.15725926
n1367,Gradacac,BIH,220,45.08010065,19.13791969
n1368,Jajce,BIH,220,44.61336056,18.329703
n1369,Prijedor,BIH,220,45.16972035,18.20432343
n1370,Sarajevo 20,BIH,380,44.20380664,19.2329089
n1371,Visegrad,BIH,110,44.35506491,19.75515746
n1372,Bihac,BIH,220,45.15512433,17.50996446
n1373,Kosovo B,SRB,380,42.83842884,20.87488603
n1374,Kosovo A,SRB,380,42.73904687,20.85425578
n1375,Nis,SRB,380,43.57275521,21.7770185
n1376,Bor,SRB,380,44.12414352,22.01877415
n1377,Djerdap,SRB,380,44.64660461,22.43098114
n1378,Jagodina,SRB,380,43.94108381,21.2679706
n1379,Kragujevac,SRB,380,44.13123803,20.8834115
n1380,TENT A (Tesla),SRB,380,44.84626219,20.44118494
n1381,Beograd 8,SRB,380,44.97189162,21.01007662
n1382,Pancevo,SRB,380,45.13972528,21.10733513
n1383,Drmno,SRB,380,44.99502255,21.50123934
n1384,Beograd 20,SRB,380,45.04222069,21.17605012
n1385,TENT B (Tesla),SRB,380,44.88564377,20.30428734
n1386,Mladost,SRB,380,45.01171477,20.5582955
n1387,Mitrovica,SRB,380,45.33568885,20.28025245
n1388,Novisad,SRB,380,45.3961775,20.60569485
n1389,Subotica,SRB,380,46.15057164,20.58214198
n1390,Prizren,SRB,220,42.62857797,20.42049659
n1391,Glogovac,SRB,220,42.75457768,20.50970245
n1392,Podujevo,SRB,220,43.11058464,21.03357082
n1393,Krusevac,SRB,220,43.68829671,21.33391263
n1394,Kraljevo,SRB,220,43.73945861,20.87069682
n1395,Cacak,SRB,220,43.8919021,20.80835135
n1396,Leskovac,SRB,220,42.97395741,21.86335272
n1397,Pozega,SRB,220,43.99572613,20.50630442
n1398,B. Basta,SRB,220,44.24301829,20.20943847
n1400,Bistrica,SRB,220,43.81860978,20.27132193
n1401,Valjevo,SRB,220,44.45225716,20.45330982
n1402,Zvornik,SRB,220,44.53969837,19.82417116
n1403,Kolubara,SRB,220,44.58478654,20.5570706
n1404,Sabac,SRB,220,44.67406111,20.17410172
n1405,Beograd 3,SRB,220,45.05600586,20.90147377
n1406,Sbobran,SRB,220,45.62874498,20.52424048
n1407,Zrenjanin,SRB,220,45.63414795,21.1235911
n1408,Smederevo,SRB,220,44.89615575,21.25294471
n1409,B. Basta HPPsmall,SRB,220,44.16341478,19.98252309
n1410,B. Basta HPPbig,SRB,220,44.08622795,19.94331896
n1411,Kosovo A 220,SRB,220,42.64081037,21.00048414
n1412,Portile de Fier 1,ROU,380,44.81512618,22.71582759
n1413,Urchesti,ROU,380,45.25429453,23.34146326
n1414,Rovinari,ROU,380,45.17392653,23.28995215
n1415,Turceni,ROU,380,44.8365405,23.63227117
n1416,Tantareni,ROU,380,44.78162973,23.83559888
n1417,Slatina,ROU,380,44.70038508,24.56443448
n1418,Draganesto Olt,ROU,380,44.54258511,24.78446187
n1419,Domnesti,ROU,380,44.53474466,26.09503082
n1420,Bucuresti Sud,ROU,380,44.60768425,26.36855816
n1421,Brazi Vest,ROU,380,45.25089177,25.72066392
n1422,Pelicanu,ROU,380,44.23970396,27.5927577
n1423,Constanta Nord,ROU,380,44.38271083,28.85119258
n1424,Cernadova,ROU,380,44.56717258,28.09633295
n1425,G. Ialomitei,ROU,380,44.74524614,27.82232418
n1426,Tulcea,ROU,380,45.16972483,28.96797497
n1427,Isaccea,ROU,380,45.25846482,28.55191701
n1428,Lacu Sarat,ROU,380,45.22935404,27.90977583
n1429,Smardan,ROU,380,45.50367879,27.87831255
n1430,Gutinas,ROU,380,46.71836133,26.77229374
n1431,Darste,ROU,380,45.96061701,25.54091099
n1432,Brasov,ROU,380,46.10897287,25.50253845
n1433,Bradu,ROU,380,45.32668193,24.85355932
n1434,Sibiu,ROU,380,46.05863915,24.24053863
n1435,Mintia,ROU,380,46.11396924,23.07016265
n1436,Arad,ROU,380,46.18142119,22.29713927
n1437,Nadab,ROU,380,46.46618671,22.40414502
n1438,Oradea,ROU,380,46.9835694,22.83288546
n1439,Rosiori,ROU,380,47.33981199,23.30745616
n1440,Gadalin,ROU,380,46.97161896,24.14323029
n1441,Cluj Est,ROU,380,46.84993666,24.11960549
n1442,Lernut,ROU,380,46.66207645,24.44073556
n1443,Braila,ROU,380,45.17098812,27.8397645
n1444,Medgidia Sud,ROU,380,44.48373711,28.44783564
n1445,Calafat,ROU,220,43.94022732,22.91786111
n1446,Cetate,ROU,220,44.20735735,22.97316002
n1447,Tr. Severin,ROU,220,44.61448815,22.80526421
n1448,Resita,ROU,220,45.39448372,22.21016749
n1449,Iaz,ROU,220,45.49340008,22.64600527
n1450,Timisoara,ROU,220,45.79375578,21.85667942
n1451,Baru Mare,ROU,220,45.80158511,23.12199938
n1452,Paroseni,ROU,220,45.59522017,23.16151657
n1453,Targu Jiu,ROU,220,45.39982717,23.36317692
n1454,Sardanesti,ROU,220,45.06929807,23.59785553
n1455,Craiova Nord,ROU,220,44.67604576,24.03919196
n1456,Isalnita,ROU,220,44.52552991,23.962851
n1457,Gradiste,ROU,220,44.51462818,24.42312219
n1458,Tr. Magurele,ROU,220,43.75761517,24.80443348
n1459,Ghizdaru,ROU,220,44.0008478,25.8382759
n1460,Progresu,ROU,220,44.41093398,26.46808527
n1461,Mostistea,ROU,220,44.48585666,26.80020458
n1462,Fundeni,ROU,220,44.82159587,26.34694156
n1463,Teleajean,ROU,220,45.3597104,25.97156041
n1464,Staplu,ROU,220,45.46386254,26.55762002
n1465,Targoviste,ROU,220,45.29646357,25.29027649
n1466,Doicesti,ROU,220,45.38158547,25.29128357
n1467,Pitesti Sud,ROU,220,45.39335337,24.77124691
n1468,Stuparei,ROU,220,45.39227637,24.49669285
n1469,Raureni,ROU,220,45.47552261,24.55901418
n1470,Arefu,ROU,220,45.59460044,24.86729417
n1471,Vidrau,ROU,220,45.65994641,24.78741274
n1472,Sacalaz,ROU,220,45.90163922,21.82853126
n1473,Pestis,ROU,220,45.99023274,23.00790702
n1474,Hasdat,ROU,220,45.95807535,23.18903559
n1475,Retezat,ROU,220,45.75682679,22.90553208
n1476,Alba Iulia,ROU,220,46.27302906,23.79234176
n1477,Sugag,ROU,220,46.02174181,23.78924382
n1478,Galceag,ROU,220,45.9590441,23.89555302
n1479,Lotru,ROU,220,45.84838727,24.08099944
n1480,Barbarosi,ROU,220,45.36783234,28.09992697
n1481,Filesti,ROU,220,45.43002551,28.22448409
n1482,Borzesti,ROU,220,46.79514211,27.08022284
n1483,Munteni,ROU,220,47.19394837,27.34326377
n1484,Iasi,ROU,220,47.70683362,26.94667107
n1485,Suceava,ROU,220,47.77467586,26.06332303
n1486,Roman Nord,ROU,220,47.40157498,26.5145663
n1487,Bacau Sud,ROU,220,47.053569,26.7828867
n1488,Dumbrava,ROU,220,47.26175673,26.22748619
n1489,Gheorghieni,ROU,220,47.07514576,25.7003311
n1490,Fantanele,ROU,220,46.78133972,25.02920527
n1491,Ungheni,ROU,220,46.73607906,24.7359266
n1492,Campia Turzii,ROU,220,46.76120917,24.19543362
n1493,Cluj Floresti,ROU,220,46.91239736,23.71442277
n1494,Mariselu,ROU,220,46.80353043,23.54604999
n1495,Tihau,ROU,220,47.15947831,23.57598151
n1496,Salaj,ROU,220,47.09608251,23.40099283
n1497,Baia Mare,ROU,220,47.37199846,23.82289299
n1498,Vetis,ROU,220,47.35903572,22.91286888
n1499,Foscani Vest,ROU,220,46.00141227,27.13187747
n1500,From Ukrania (Mukachevo),ROU,380,47.86642244,23.46400393
n1502,FromNorway,DNK,380,57.24720373,9.970720716
n1503,FromSweden,DNK,380,56.97827733,10.39725178
n1505,FromUkrainaWest,HUN,380,48.6460585,22.65295472
n1506,NL-new1,NLD,380,51.55005536,4.32969198
n1507,B_new1,BEL,380,51.23792345,5.598359905
n1508,Dakovo,HRV,220,45.6260216,19.14522098
n1509,1509,NLD,380,53.61965814,6.682449584
n1510,1510,DEU,380,54.82182278,10.09349049
n1511,1511,DNK,380,54.90954609,12.03796808
n1512,1512,ROU,380,45.78868642,28.7105817
n1513,1513,GRC,138,39.88133406,19.85732571
n1514,1514,ITA,138,39.88904529,18.51333338
